{"cameraMode":{"drawMode":0,"name":"Shaded","section":"Shading Mode"},"sceneLighting":false,"audioPlay":false,"sceneViewState":{"m_AlwaysRefresh":false,"showFog":true,"showSkybox":false,"showFlares":true,"showImageEffects":true,"showParticleSystems":true,"showVisualEffectGraphs":true,"m_FxEnabled":true},"in2DMode":false,"pivot":{"x":-0.04561247676610947,"y":-0.110596664249897,"z":-0.07383494079113007},"rotation":{"x":0.3832421898841858,"y":0.16218510270118714,"z":-0.06855110079050064,"w":0.906710684299469},"size":0.19894754886627198,"orthographic":true}